title,description,url,folder,tags,created,cover,highlights
"Kamino Wallet: Slim, Minimalist, Eco-friendly Paper Wallets.","Slim, minimalist, eco-friendly vegan wallets that lighten your load. Handmade in Japan.",https://kaminowallet.com/,Unsorted,,2023-04-01T19:22:06.874Z,https://cdn.shopify.com/s/files/1/0045/6051/9217/files/og3_f31c6ae2-1012-4fcc-8921-61b77aabcbf4.jpg?v=1631420318,
Geoawesomeness - Blog and Community,,https://geoawesomeness.com/,Unsorted,,2023-02-16T00:54:57.865Z,https://geoawesomeness.com/wp-content/uploads/2023/01/GeoAwesome_TopGeo100_2023-1-768x432.jpg,
Doppler | The #1 SecretOps Platform,"Doppler enables developers and security teams to keep their secrets and app configuration in sync and secure across devices, environments, and team members. Goodbye .env files.",https://www.doppler.com/?rdt_cid=3433462719444018907&utm_campaign=prospecting-software-devs&utm_medium=cpc&utm_source=reddit,Unsorted,,2023-02-14T23:53:40.571Z,https://assets-global.website-files.com/5de9972f49103c5df3964004/6267f60fea980d1403c07110_og-graph-image.jpeg,
red-data-tools/YouPlot: A command line tool that draw plots on the terminal.,A command line tool that draw plots on the terminal. - red-data-tools/YouPlot: A command line tool that draw plots on the terminal.,https://github.com/red-data-tools/YouPlot,Unsorted,,2023-01-24T16:48:15.457Z,https://repository-images.githubusercontent.com/283230219/91a7df00-dd67-11eb-8d1c-8c7725a92107,
AcreValue: Discover Farmland Values | AcreValue,"View GIS maps that compile agricultural data, including farmland values, soil productivity ratings, crop mix, and parcel ownership information.",https://www.acrevalue.com/,Unsorted,,2023-01-24T14:07:43.551Z,https://www.acrevalue.com/static/images/av_teaser_profile_graphic.png,
"Discover Today's Best Tech Blogs, Written by Developers","Find the best developer blogs across topics and tech stacks. Ranked by machines, curated by humans. Updated hourly.",https://bloggingfordevs.com/trends/,Unsorted,,2022-11-19T02:01:06.925Z,https://bloggingfordevs.com/images/tech-blog-rankings-preview.png,
Hemingway Editor,,https://hemingwayapp.com/,Unsorted,,2022-11-19T01:59:45.213Z,https://hemingwayapp.com/img/just-released.png,
GPSMAP¬Æ 66i,GPS Handheld and Satellite Communicator,https://www.garmin.com/en-US/p/623975/pn/010-02088-01,Unsorted,,2022-11-19T01:03:48.817Z,https://res.garmin.com/en/products/010-02088-01/g/cf-lg-adcb4ec3-47e0-49b0-8011-39b7e3eebf2d.jpg,
R60 Personal Utility Ruck Case | Pelican,"Buy R60 Personal Utility Ruck Case Interior: 8.9"" x 5.4"" x 3"".",https://www.pelican.com/us/en/product/cases/ruck-case/personal-utility/r60,Unsorted,,2022-11-15T20:52:58.649Z,https://media.pelican.com/img/products/cases/R60/pelican-ruck-r60-orange-headlamp-case.jpg,
Pouches Foundry 2022,"Mission Capable. Whether on your toughest missions or in your everyday adventures, we know that exceptional quality and engineered functionality will help you succeed.",https://tripleaughtdesign.com/pages/pouches-foundry-2022,Unsorted,,2022-11-15T20:46:21.277Z,http://cdn.shopify.com/s/files/1/0558/4738/7236/files/stacked.cleaned_cc1bfec0-d493-4a2f-ae02-0b10ae68b8c3.png?height=628&pad_color=000000&v=1652141464&width=1200,
1650 Protector Case | Pelican,"Shop our protective hard cases and discover the Pelican 1650, a rugged yet lightweight case designed to withstand the elements. Get the Pelican 1650 case today!",https://www.pelican.com/us/en/product/cases/protector/1650,Unsorted,,2022-11-15T20:38:24.873Z,https://media.pelican.com/img/products/cases/1650/pelican-1650-photography-lens-foam-case.jpg,
Sortimo | van shelvings & services for mobile work,"Trust the market leader! Find professional van racking systems, load securing systems and mobile transport solutions at Sortimo.",https://www.mysortimo.us/en_US/,Unsorted,,2022-11-15T20:38:13.960Z,https://www.mysortimo.us/medias/11-2021-HotDeal-T-BOXX-680x680px.gif?context=bWFzdGVyfHJvb3R8ODExODU2fGltYWdlL2dpZnxoMjEvaDE4LzEwNjY3MzA3NzI4OTI2LmdpZnxmYTM0YjYxOWQ3ZmViMjYwYjA2ZTZkYzU4ODgxOGViOWU0MzBkNjA1NGNjZjRhMTk1YjU1NDBjZDc2ZjE0MTVi,
Keyboard Jobs,"Jobs for software developers, geeks and cyborgs",https://keyboardjobs.com/,Unsorted,,2022-11-03T11:01:01.592Z,https://cdn.keyboardjobs.com/images/open-graph-img.png,
Ultimate Frisbee and Disc Golf Monthly Subscription,Get up to $50 or more of Ultimate Frisbee or Disc Golf products for only $19.99 per month.,https://www.discmember.com/,Unsorted,,2022-10-27T15:34:13.054Z,https://cdn.shopify.com/s/files/1/1724/7681/files/DiscMember_logo-01_450x.png?v=1613666012,
Apache Thrift - Home,,https://thrift.apache.org/,Unsorted,,2022-10-20T11:56:38.194Z,,
Linear ‚ãÖ A better way to build products,"Linear streamlines issues, sprints, and product roadmaps. It‚Äôs the new standard for modern software development.",https://linear.app/homepage,Unsorted,,2022-10-14T22:05:39.211Z,https://linear.app/static/og/home.jpg,
Effective TypeScript ‚Ä∫ Item 54: Know How to Iterate Over Objects,"Iterating over the keys and values in an object is a common operation that's surprisingly hard to write without type assertions in TypeScript. This item explains why the types you get from Object.keys or a for-in loop aren't quite what you'd expect, and what your available workarounds are.",https://effectivetypescript.com/2020/05/26/iterate-objects/,Unsorted,,2022-10-11T16:01:23.579Z,https://effectivetypescript.com/images/cover.jpg,
Is it possible to hide extension resources in the Chrome web inspector network tab?,"When I'm viewing the downloaded resources for a page in the Chrome web inspector, I also see the HTML/JS/CSS requested by certain extensions.
In the example above, indicator.html, indicator.js and",https://stackoverflow.com/questions/16436369/is-it-possible-to-hide-extension-resources-in-the-chrome-web-inspector-network-t,Unsorted,,2022-09-25T11:07:17.348Z,https://cdn.sstatic.net/Sites/stackoverflow/Img/apple-touch-icon@2.png?v=73d79a89bded,
The Burnside - Aero Teardrops,"The Burnside our newest model The Burnside Also known as the ‚Äúsquaredrop‚Äù, the Burnside is our newest model. This model is a simpler, more minimalistic version of our Steel teardrops.‚Ä¶",https://aeroteardrops.com/the-burnside/,Unsorted,,2022-09-16T22:31:36.874Z,https://aeroteardrops.com/wp-content/uploads/2022/02/IMG_1503-570x696.jpg,
Headless WYSIWYG Text Editor ‚Äì Tiptap Editor,,https://tiptap.dev/,Unsorted,,2022-07-31T11:00:13.230Z,https://tiptap.dev/og-image.png,
Static Site Generator with GUI to build privacy-focused SEO-friendly website,"Publii is a static site CMS with graphical user interface; a powerful blogging tool for ultra-fast, SEO friendly and secure websites.",https://getpublii.com/,Unsorted,,2022-07-30T04:06:45.925Z,https://getpublii.com/media/website/publii-cms.png,
"Carpenter Bee Sprays, Bait & Trap Products | Fast, Free Shipping - DoMyOwn.com","Click here to buy the best Carpenter Bee killer products including carpenter bee traps, sprays, and baits with Free Shipping and Expert Advice.",https://www.domyown.com/carpenter-bees-c-142.html,Unsorted,,2022-07-27T19:29:19.036Z,https://cdn.domyown.com/images/thumbnails/3987-Carpenter-Bee-Control-Kit-Demand-Duo/3987-Carpenter-Bee-Control-Kit-Demand-Duo.jpg.thumb_440x440.jpg,
direnv ‚Äì unclutter your .profile,unclutter your .profile,https://direnv.net/,Unsorted,,2022-05-09T15:51:53.101Z,,
How to Use Gaia GPS - Backpacking Light,"Learn how to use Gaia GPS for planning and tracking hiking and backpacking trips for research, planning, tracking, and data archiving.",https://backpackinglight.com/how-to-use-gaia-gps-hiking-backpacking-masterclass/?utm_source=gaia0422&utm_source=newsletter&utm_medium=email&utm_campaign=Graphic+1,Unsorted,,2022-04-27T20:46:22.951Z,https://backpackinglight.com/wp-content/uploads/2022/04/how-to-use-gaia-gps-masterclass-splash-image-2.jpg,
"free SVG generators, web design tools & modern HTML templates","A fun collection of free SVG generators for gradients, patterns & backgrounds + other color and web design tools. Also, a collection of modern HTML templates.",https://fffuel.co/,Unsorted,,2022-04-19T01:57:15.233Z,https://fffuel.co/images/cover.png,
Weeklyfeed,,https://indieblog.page/weeklyfeed,Unsorted,,2022-04-13T11:30:09.365Z,,
AquaMon - Aquaponics and Fish Tank Monitoring with Tuya IoT,Marine species are extremely sensitive to changes in environmental conditions. AquaMon IoT device and app helps your fishes to grow better.,https://www.hackster.io/vilaksh01/aquamon-aquaponics-and-fish-tank-monitoring-with-tuya-iot-e025a8,Unsorted,,2021-10-19T02:31:08.086Z,https://hackster.imgix.net/uploads/attachments/1344230/_v3jwhqEzNH.blob?auto=compress&w=1600&h=1200&fit=min&fm=jpg,
Husarnet | Operate At The Edge Of Latency,"Peer-to-Peer VPN to connect your laptops, servers or microcontrollers over the Internet with zero configuration",https://husarnet.com/pricing,Unsorted,vpn,2021-09-17T20:12:54.340Z,https://husarnet.com/img/connect_devices_base.png,
"Axure RP - UX Prototypes, Specifications, and Diagrams in One Tool","The most powerful way to plan, prototype and handoff to developers, all without code. Download a free trial and see why UX professionals choose Axure RP.",https://www.axure.com/,UX,,2022-03-16T12:39:26.671Z,https://www.axure.com/wp-content/uploads/2021/04/og-image@2x-1024x538.png,
Welcome to Bull‚Äôs Guide,Premium Queue package for handling distributed jobs and messages in NodeJS.,https://optimalbits.github.io/bull/,Messaging,,2021-12-24T19:19:11.238Z,https://optimalbits.github.io/bull/job-lifecycle.png,
15 Functional Cable Management Solutions to 3D Print,"No matter where you're working from, 3D print some of these cable management solutions to bring order to your electronics!",https://all3dp.com/2/3d-printed-cable-management-3d-printer-desk/,3D Printing,,2021-10-14T00:58:25.449Z,https://i.all3dp.com/wp-content/uploads/2020/10/08163221/cliplead-1-scaled.jpg,
Standard Notes | End-To-End Encrypted Notes App,"Standard Notes is an easy-to-use encrypted note-taking app for digitalists and professionals. Capture your notes, documents, and life‚Äôs work all in one place.",https://standardnotes.com/,Productivity,,2022-04-28T23:36:35.672Z,https://s3.amazonaws.com/standard-notes/media/SN-Icon-500.png,
mgmeyers/obsidian-kanban: Create markdown-backed Kanban boards in Obsidian.,Create markdown-backed Kanban boards in Obsidian. Contribute to mgmeyers/obsidian-kanban development by creating an account on GitHub.,https://github.com/mgmeyers/obsidian-kanban,Productivity,,2021-09-13T14:30:02.453Z,https://repository-images.githubusercontent.com/358435115/36310780-b276-11eb-8ec6-7e7b56a3b7f9,
obsidian-dataview/code-reference.md at master ¬∑ blacksmithgu/obsidian-dataview,"A high-performance data index and query language over Markdown files, for https://obsidian.md/. - obsidian-dataview/code-reference.md at master ¬∑ blacksmithgu/obsidian-dataview",https://github.com/blacksmithgu/obsidian-dataview/blob/master/docs/docs/api/code-reference.md,Productivity,,2021-09-11T01:45:52.612Z,https://opengraph.githubassets.com/159469e49add340fc6a92f385538b408fcd534a525345aefc36e2a8565cce5ec/blacksmithgu/obsidian-dataview,
A plugin for reading and annotating PDFs and EPUBs in obsidian. - Files | ReposHub,"A plugin for reading and annotating PDFs and EPUBs in obsidian. ,obsidian-annotator",https://reposhub.com/javascript/files/elias-sundqvist-obsidian-annotator.html,Productivity,,2021-09-11T01:28:52.787Z,https://avatars.githubusercontent.com/u/9102856?v=4,
YAML front matter | Assemble,"Static site generator for Grunt.js and Yeoman. Assemble makes it dead simple to build modular sites, blogs, gh-pages, components and documentation from reusable templates and data.",https://assemble.io/docs/YAML-front-matter.html,Productivity,,2021-09-11T01:12:50.804Z,,
Obsidian: A knowledge base that works on local Markdown files.,Obsidian ‚Äì A knowledge base that works on local Markdown files.,https://obsidian.md/,Productivity,,2021-09-08T15:56:52.001Z,https://obsidian.md/images/banner.png,
DALL¬∑E 2,DALL¬∑E 2 is a new AI system that can create realistic images and art from a description in natural language.,https://openai.com/dall-e-2/,AI,,2022-08-08T13:12:00.905Z,https://openai.com/content/images/2022/04/dall-e-2-og.jpg,
OpenDataCam,An open source tool to quantify the world,https://opendata.cam/,AI,,2021-09-11T02:23:21.408Z,https://www.move-lab.com/project/opendatacam/static/seo/seo.jpg,
awesome-selfhosted/awesome-selfhosted: A list of Free Software network services and web applications which can be hosted on your own servers,A list of Free Software network services and web applications which can be hosted on your own servers - awesome-selfhosted/awesome-selfhosted: A list of Free Software network services and web appli...,https://github.com/awesome-selfhosted/awesome-selfhosted#,Project Ideas,,2022-01-02T21:33:02.977Z,https://opengraph.githubassets.com/2e0bcd65a64fe8977a3805fdb1c6cdfe5e9768493c35d8459560cb763f311b59/awesome-selfhosted/awesome-selfhosted,
Yellowstone Park Virtual Challenge | The Conqueror Challenges,The Yellowstone Park Virtual Challenge takes you 75mi (120km) through an incredible range of landscapes and ecosystems.,https://www.theconqueror.events/yellowstone/?utm_source=Facebook&utm_medium=Social+Adv&utm_campaign=1+COLD+%7C+Big4+-+Android+-+18_34+%7C+Main+-+Steady+%7C+Dec21+%7C+Meta+%7C+Conversions+-+ABO&utm_content=V+YS+Medal+Walk+Unbox+V1+-+ThumbN10+%7C+Can+Run+YS+V1+-+B114_1+-+C105_1+-+H0+-+YS+%7C+Big4+-+Android+-+18_34+%7C+Single+-+YS+-+Steady+-+Farm+-+C1+%7C+Broad+eE+-+All+%7C+Dec21+%7C+Meta+%7C+Purchase&utm_ad_placement=Facebook_Mobile_Feed&utm_ad_set_name=1+COLD+%7C+Big4+-+Android+-+18_34+%7C+Main+-+Many+-+Steady+-+Farm+-+C1+%7C+Broad+eE+-+All+%7C+Dec21+%7C+Meta+%7C+Purchase&utm_ad_campaign_id=6251461310994&utm_ad_set_id=6251461310794&utm_ad_id=6252211658194,Project Ideas,,2022-01-01T21:13:23.860Z,https://www.theconqueror.events/wordpress/wp-content/uploads/2021/12/YS-HM-FB-16X9-scaled.jpg,
How to draw a map - Fantastic Maps,"This tutorial covers my entire process for how to draw a map - from start to finish. Here I'm illustrating a town map, but the steps apply to any map.",http://www.fantasticmaps.com/2015/02/how-to-draw-a-map/,Project Ideas,,2021-09-14T19:56:55.418Z,https://i2.wp.com/www.fantasticmaps.com/wp-content/uploads/2015/02/HowToDrawAMap.jpg?fit=671%2C469,
NanoSaur,Designed & made by Raffaello Bonghi,https://nanosaur.ai/,Project Ideas,,2021-09-11T02:35:48.266Z,https://nanosaur.ai/assets/images/intro.jpg,
Naturebytes | Digital making for wildlife,Naturebytes reconnects people with wildlife through digital making.,http://naturebytes.org/,Project Ideas,,2021-09-11T02:32:58.909Z,http://naturebytes.org/skeleton/images/fullimage_cam4_550.jpg,
How to Use the Slmgr activate and Slmgr rearm - Get IT Solutions,slmgr activate and slmgr rearm command can be used in order to activate Windows with the Command Prompt or Extend the Activation Timer,https://www.get-itsolutions.com/how-to-use-the-slmgr-activate-and-slmgr-rearm/,Windows,,2021-09-11T02:42:31.782Z,https://www.get-itsolutions.com/wp-content/uploads/2020/10/Slmgr-Commands-Slmgr-activate-Slmgr-rearm.png,
Using WSL to Build a Python Development Environment on Windows,This article describes how to install and configure WSL2 so you can run Linux apps and do python development on your Windows system.,https://pbpython.com/wsl-python.html,Windows,,2021-09-08T03:13:57.430Z,https://pbpython.com/images/wsl_logo_header_v2.png,
Serverless Framework - AWS Lambda Events - API Gateway,,https://www.serverless.com/framework/docs/providers/aws/events/apigateway/#setting-api-keys-for-your-rest-api,Serverless,,2021-09-08T18:02:38.900Z,,
espressif/esp-google-iot: Google Cloud IoT SDK as an ESP-IDF Component,Google Cloud IoT SDK as an ESP-IDF Component. Contribute to espressif/esp-google-iot development by creating an account on GitHub.,https://github.com/espressif/esp-google-iot,ESP32,,2021-10-30T14:24:09.668Z,https://opengraph.githubassets.com/3ff568f10412bc024aa0c25954be5f214055ccb5b3e53ca1e26784c31d7404cd/espressif/esp-google-iot,
Creating Object Recognition with Espressif ESP32 | Amazon Web Services,"By using low-cost embedded devices like the Espressif ESP32 family, and the breadth of AWS services, you can create an advanced object recognition system. ESP32 microcontroller is a highly integrated solution for Wi-Fi and Bluetooth IoT applications, with around 20 external components. In this example, we use AI Thinker ESP32-CAM variant that comes with an [‚Ä¶]",https://aws.amazon.com/blogs/iot/creating-object-recognition-with-espressif-esp32/,ESP32,,2021-10-20T02:10:04.952Z,https://d2908q01vomqb2.cloudfront.net/f6e1126cedebf23e1463aee73f9df08783640400/2020/09/23/esp32-cam-diagram.png,
(29) Introduction to using Queues in an RTOS with the Particle Xenon and Adafruit NeoPixel Ring - YouTube,"Enjoy the videos and music you love, upload original content, and share it all with friends, family, and the world on YouTube.",https://www.youtube.com/watch?v=GtsXm5mFM8s&ab_channel=wcltalkstech,ESP32,,2021-09-06T22:01:58.440Z,https://www.youtube.com/img/desktop/yt_1200.png,
"ESP32-S2 SoCs, Modules and Dev Boards Go Into Mass Production | Espressif Systems","Espressif announces the beginning of mass production for the whole series of ESP32-S2 SoCs, modules and development boards, which will make their advantages readily available to the entire IoT market.",https://www.espressif.com/en/news/ESP32-S2-mass-production,ESP32,"IoT, Embedded",2021-09-06T21:30:37.454Z,https://www.espressif.com/sites/default/files/V3%20ESP32-S2%20%E5%BE%AE%E4%BF%A1%E5%B0%81%E9%9D%A2.png,
Ting Mobile: Choose smarter mobile service.,Ting Mobile is the smarter choice for mobile service. Unlimited talk and text plus fast data starting at $15. No start-up fees and no contracts.,https://ting.com/,IoT,,2021-10-20T02:16:48.897Z,https://static.ting.com/static/node/dist/20210924/src/assets/images/tingLogo_1200x630.png,
Continuous SQL Data Pipelines for Cloud Data Lakes | Upsolver,,https://www.upsolver.com/,Data,,2022-03-12T15:26:41.979Z,https://www.upsolver.com/wp-content/uploads/2021/11/cox-quote-new.png,
Integromat,Integromat lets you connect apps and automate workflows in a few clicks. Move data between apps without effort so you can focus on growing your business.,https://www.integromat.com/en,Data,,2021-09-19T16:47:30.923Z,https://cdn.integromat.com/img/logo-share.jpg,
"Connect APIs, Remarkably Fast - Pipedream","Pipedream is a low code integration platform for developers that allows you to connect APIs remarkably fast. Stop writing boilerplate code, struggling with authentication and managing infrastructure. Start connecting APIs with code-level control when you need it ‚Äî and no code when you don't. Join 100,000+ developers using the Pipedream platform today. Get started for free.",https://pipedream.com/,Data,,2021-09-14T21:06:09.706Z,https://pipedream.com/_static/embed-image.5f8189f7.png,
Affordable pricing for Google Sheets integrations | Coupler.io,"Start for free, invite as many users as you wish and pay for the volume of imported data, not per user count.",https://www.coupler.io/pricing,Data,,2021-09-14T21:05:42.451Z,https://d1j1ruo19p88lw.cloudfront.net/assets/coupler-io-2a05377d93abdb50791b0d80cde6c77fb63663f8c06e322acabfae0cf73ff198.png,
Sharing Query Results with Dataclips | Heroku Dev Center,Dataclips allow the results of SQL queries on a Heroku Postgres database to be easily shared.,https://devcenter.heroku.com/articles/dataclips,Data,,2021-09-14T19:20:33.964Z,https://www.herokucdn.com/images/og.png,
B2 Cloud Storage: The Lowest Cost On Demand Storage As a Service,High performance cloud storage at a fraction of the price.,https://www.backblaze.com/b2/cloud-storage.html,Data,storage,2021-09-09T00:31:08.634Z,https://www.backblaze.com/pics/facebook-share-image.jpg,
OpenRefine,,https://openrefine.org/,Data,,2021-09-08T15:39:03.401Z,,
dbt - Transform data in your warehouse,"dbt is a data transformation tool that enables data analysts and engineers to transform, test and document data in the cloud data warehouse.",https://www.getdbt.com/,Data,ETL,2021-09-07T11:58:32.812Z,https://www.getdbt.com/ui/img/social/facebook.png,
Airbyte | Open-Source Data Integration Pipelines To Your Warehouses,Airbyte is the turnkey open-source data integration platform that gives your infrastructure super powers to move data seamlessly.,https://airbyte.io/,Data,ETL,2021-09-07T11:58:00.139Z,https://assets.website-files.com/605e01bc25f7e19a82e74788/60f9cd63f349d80107359400_Airbyte_SEO_Picture.png,
Watch Free Yellowstone TV Shows Online HD,"Watch Yellowstone 2018 full HD online, download Yellowstone Full HD Free on HDToday",https://hdtoday.tv/watch-tv/watch-yellowstone-hd-38684.5002564,Streaming,,2022-01-01T21:44:12.922Z,https://img.hdtoday.tv/xxrz/1200x600/394/4c/9d/4c9dadb8167eda91fd340d7255fb527a/4c9dadb8167eda91fd340d7255fb527a.jpg,
Watch Movies Online Free | Watch Series HD Free,Free Access to the Biggest library of HD Movies and HD Series online - NO ADS - No Account Required - Fast Free Streaming,https://hdtoday.tv/,Streaming,,2021-12-31T17:02:14.701Z,https://img.hdtoday.tv/xxrz/1300x700/100/87/db/87db01c609dc3a0e1c1349d50d9efc6d/87db01c609dc3a0e1c1349d50d9efc6d.png,
Batmanstream - Batman stream,Watch Live sport online with batmanstream. batmanstream brings you live football online and free sport on your pc. sports tv stream and sports events.,https://batmanstream.info/,Streaming,,2021-09-19T17:10:20.334Z,https://batmanstream.info/wp-content/uploads/2020/12/RTMM.jpg,
Library Genesis,,https://libgen.rocks/,eBooks,,2022-02-16T13:16:00.250Z,,
Onitama | Board Game | BoardGameGeek,Assert your martial prowess by harnessing the power of various animal spirits.,https://boardgamegeek.com/boardgame/160477/onitama,Games,,2023-01-27T01:13:32.779Z,https://cf.geekdo-images.com/GJKuOCy5HGAYgVH_Rei5mA__opengraph/img/lSgQJp4cW4yZpVCD_tjB_ts5mvE=/fit-in/1200x630/filters:strip_icc()/pic7070194.jpg,
"Instant-Gaming.com - Your favorites PC/MAC games up to 70% off! Digital games, Instant Delivery, 24/7!","Instant-Gaming.com - All your favourite games for Steam, Origin, Battle.net, Uplay and Indie games up to 70% off! Digital games, Instant delivery 24/7!",https://www.instant-gaming.com/en/,Games,,2021-12-31T20:36:08.283Z,https://www.instant-gaming.com/themes/igv1/images/opengraph-banner.png,
The API to Video | Mux,"Mux is video infrastructure built by the experts. Take any video file or live stream and make it play beautifully at scale on any device, powered by magical-feeling features like automatic thumbnails, animated gifs, and data-driven encoding decisions. Spend your time building what people want, not drudging through FFmpeg documentation. Already have your own platform? No problem, Mux can help you make sure you're being the best you via best-in-class quality of service analytics.",https://mux.com/,Video,,2021-12-31T18:09:09.897Z,https://mux.com/files/mux-video-logo-square.png,
Thunderbolt 4 Dock | TS4 | CalDigit ‚Äì CalDigit,"The CalDigit TS4 Thunderbolt 4 Dock adds 18 ports of connectivity, 98W laptop charging, dual display connectivity, and 2.5GbE via a single cable.",https://www.caldigit.com/thunderbolt-station-4/,Hardware,,2022-08-27T01:25:42.818Z,https://www.caldigit.com/wp-content/uploads/2021/12/TS4_Thunderbolt-4-Dock_S2V1_D_1920px_Updated.jpg,
MSLPT5252BL2MTR TE Connectivity / Alcoswitch | Mouser,"MSLPT5252BL2MTR TE Connectivity / Alcoswitch Tactile Switches Tact Mini JB 5.2x 5.2x1.5 100gf datasheet, inventory, & pricing.",https://www.mouser.com/ProductDetail/TE-Connectivity-Alcoswitch/MSLPT5252BL2MTR?qs=qSfuJ%252Bfl%2Fd5zqC6tDS4r2Q%3D%3D,Hardware,,2022-03-20T17:38:38.560Z,https://www.mouser.com/images/tycoelectronics/images/MSLPT_Series_DSL.jpg,
KiCad EDA,A Cross Platform and Open Source Electronics Design Automation Suite,https://www.kicad.org/,Hardware,,2022-03-20T17:35:49.905Z,https://www.kicad.org/img/kicad_logo_small.png,
SparkFun Serial Basic CH340C Hookup Guide - learn.sparkfun.com,,https://learn.sparkfun.com/tutorials/sparkfun-serial-basic-ch340c-hookup-guide/all,Hardware,,2021-11-06T10:25:02.656Z,https://cdn.sparkfun.com/r/500-500/assets/parts/1/3/4/5/2/15096-SparkFun_Serial_Basic_Breakout_-_CH340C_and_USB-C-01.jpg,
My father's Pinnacles guidebook collection -- next I'll try to scan his old photos and post them,"Find rock climbing routes, photos, and guides for every state, along with experiences and advice from fellow climbers.",https://www.mountainproject.com/photo/108060505/my-fathers-pinnacles-guidebook-collection-next-ill-try-to-scan-his-old-photos-an,Notebooks,,2021-09-19T17:11:54.175Z,https://cdn2.apstatic.com/photos/climb/108060505_medium_1494260457.jpg,
DeviceScript | DeviceScript,TypeScript for Tiny IoT Devices,https://microsoft.github.io/devicescript/,Cool Software,,2023-05-30T21:26:03.632Z,,
"charmbracelet/glow: Render markdown on the CLI, with pizzazz! üíÖüèª","Render markdown on the CLI, with pizzazz! üíÖüèª. Contribute to charmbracelet/glow development by creating an account on GitHub.",https://github.com/charmbracelet/glow,Cool Software,,2023-05-30T15:38:40.548Z,https://repository-images.githubusercontent.com/219616873/fe4a7a80-d35b-11ea-8d24-b5d2c931479a,
Redpanda | The streaming data platform for developers,"Redpanda is the streaming data platform for developers. It‚Äôs API-compatible with Apache Kafka¬Æ, but 10x faster, much easier to use and more cost effective.",https://redpanda.com/,Cool Software,,2023-05-29T23:35:22.066Z,https://images.ctfassets.net/paqvtpyf8rwu/5wODDUzLP7teOGDS7M5m39/466f646e44c2ccc4e78236b17d7d68ac/Logo.svg,
Omnivore,"Omnivore is the free, open source, read-it-later app for serious readers.",https://omnivore.app/,Cool Software,,2023-05-29T23:30:07.677Z,https://omnivore.app/static/images/og-homepage-03.png,
Homepage | Dremio,Self-service analytics with data warehouse functionality and data lake flexibility across all your data,https://www.dremio.com/,Cool Software,"data, ETL",2023-05-13T00:12:53.279Z,https://www.dremio.com/wp-content/uploads/2023/02/CompanyDremio_centered.png,
Cysharp/MessagePipe: High performance in-memory/distributed messaging pipeline for .NET and Unity.,High performance in-memory/distributed messaging pipeline for .NET and Unity. - Cysharp/MessagePipe: High performance in-memory/distributed messaging pipeline for .NET and Unity.,https://github.com/Cysharp/MessagePipe,Cool Software,,2023-05-01T11:52:10.048Z,https://opengraph.githubassets.com/1de7ade3694fdbd67764a8e7c2bbe77374fb92de5bf35b08d83fc4d5ee715be8/Cysharp/MessagePipe,
Feature Flags without the Tech Debt | DevCycle,"DevCycle is a Feature Flag Management platform that lets you deploy faster, reduce release complexity, and build maintainable code at scale.",https://devcycle.com/,Cool Software,,2023-04-28T22:44:51.618Z,https://assets-global.website-files.com/614e240a0e0b0fa195b146ed/6183d0fd9f0b7e0709c03c38_Preview-Image.jpg,
SingleStore Pricing,"SingleStore helps businesses adapt more quickly, embrace diverse data and accelerate digital innovation by operationalizing all data through one platform.",https://www.singlestore.com/pricing/,Cool Software,,2023-04-23T14:12:00.858Z,https://www.singlestore.com/images/cms/open-graph/img_og_singlestore-default.png,
"Metabase | Business Intelligence, Dashboards, and Data Visualization","Metabase business intelligence, dashboards, and data visualization tools. Dig deeper into your data with open source, no SQL tools for data visualization.",https://www.metabase.com/,Cool Software,,2023-04-23T13:55:43.707Z,https://www.metabase.com/images/opengraph/home-og.jpg,
+ Start Here - LYT Kit,Inbox - LYT Kit,https://notes.linkingyourthinking.com/Cards/%2B+Start+Here,Cool Software,,2023-04-22T14:28:30.970Z,https://ogimage.obsidian.md/og-image.png?title=%2B+Start+Here&description=The+safe+trail+ends.+A+forest+stands+before+you.++Taking+a+deep+breath%2C+you+%5B%5BThe+forest+entrance%7Center+the+forest%5D%5D.&logoUrl=https%3A%2F%2Fpublish-01.obsidian.md%2Faccess%2Fef85e52fdf7db6b819c27e29543bbe0b%2FBins%2FImages%2FLYT%2520Kit%2FLYT_04.png&siteName=LYT+Kit,
n8n.io - a powerful workflow automation tool,n8n is a free and source-available workflow automation tool,https://n8n.io/,Cool Software,,2023-04-22T12:24:11.088Z,https://n8niostorageaccount.blob.core.windows.net/n8nio-strapi-blobs-prod/assets/1_2_code_when_you_need_1e3d2d39d7_1_4e28ae04e4.png,
"Budibase | Build internal tools, the easy way","Budibase is an open source low-code platform and the easiest way to build, automate, and ship internal tools. Check it out.",https://budibase.com/,Cool Software,,2023-04-06T09:39:04.255Z,https://budibase.com/homepage-meta.png,
Twisp - The accounting engine for financial products,Tooling for developers to build and scale mission critical financial products. Structure complex accounting and financial orchestration directly in a scalable core ledger system.,https://www.twisp.com/,Cool Software,,2023-04-02T13:13:37.164Z,,
microfeed,#opensource #serverless #free,https://www.microfeed.org/,Cool Software,,2023-04-02T13:06:15.299Z,,
Dapr - Distributed Application Runtime,APIs for building portable and reliable microservices,https://dapr.io/,Cool Software,,2023-03-29T11:33:45.775Z,https://dapr.io/images/banner-image.png,
Apache APISIX¬Æ - Cloud-Native API Gateway,"Apache APISIX is a dynamic, real-time, high-performance Cloud-Native API gateway, based on the Nginx library and etcd.",https://apisix.apache.org/,Cool Software,,2023-03-22T12:38:51.047Z,https://static.apiseven.com/202202/apache-apisix.png,
GitHub - GoogleChromeLabs/comlink: Comlink makes WebWorkers enjoyable.,Comlink makes WebWorkers enjoyable. Contribute to GoogleChromeLabs/comlink development by creating an account on GitHub.,https://github.com/GoogleChromeLabs/comlink,Cool Software,,2023-03-16T16:17:28.742Z,https://opengraph.githubassets.com/8d966465a6e65855ad41d1a36c83bd5bc42316afafc11d4e02414ec4e4985088/GoogleChromeLabs/comlink,
Linear ‚Äì A better way to build products,"Linear streamlines issues, sprints, and product roadmaps. It‚Äôs the new standard for modern software development.",https://linear.app/,Cool Software,,2023-03-11T14:12:33.953Z,https://linear.app/static/og/home.jpg,
Listening.io,,https://www.listening.io/,Cool Software,,2023-02-25T23:54:13.236Z,,
Export your Kindle Highlights,Save your Kindle Highlights. Export your Kindle Highlights. Save your Kindle Highlights to Evernote.  Print your Kindle Highlights.,https://www.clippings.io/,Cool Software,,2023-01-29T15:47:18.751Z,https://www.clippings.io/_nuxt/image/539dff.jpg,
SpatiaLite: SpatiaLite,,https://www.gaia-gis.it/fossil/libspatialite/index,Cool Software,,2023-01-29T14:41:44.445Z,,
"jqnatividad/qsv: CSVs sliced, diced & analyzed.","CSVs sliced, diced & analyzed. Contribute to jqnatividad/qsv development by creating an account on GitHub.",https://github.com/jqnatividad/qsv,Cool Software,,2023-01-24T16:49:07.547Z,https://repository-images.githubusercontent.com/320463703/92f1e7e8-14db-4dfb-a6a4-d1623f29fd4b,
Try Discs - ISO Disc Finder & Comparison Tool,Find new discs to try based on flight and feel with our recommendation engine. Check inventory at multiple online disc golf retailers with our ISO search tool.,https://trydiscs.com/,Cool Software,discgolf,2023-01-21T01:12:40.731Z,https://trydiscs.com/img/discs.45653099.webp,
"Tao of React - Software Design, Architecture & Best Practices",I‚Äôve been working with React since 2016 and still there isn‚Äôt a single best practice when it comes to application structure and design. While there are best‚Ä¶,https://alexkondov.com/tao-of-react/,Cool Software,react,2023-01-11T03:02:26.546Z,https://alexkondov.com/static/b6eddd8c6ec0677ad78e762842b40ad2/bc8e0/cover.png,
"Web Apps by 123apps - Edit, Convert, Create",,https://123apps.com/,Cool Software,,2023-01-11T03:02:06.413Z,,
unDraw - Open source illustrations for any idea,"The design project with open-source illustrations for any idea you can imagine and create. Create beautiful websites, products and applications with your color, for free.",https://undraw.co/,Cool Software,,2023-01-11T03:00:31.534Z,https://42f2671d685f51e10fc6-b9fcecea3e50b3b59bdc28dead054ebc.ssl.cf5.rackcdn.com/v2/undraw_social_20.png,
Build contextual editing into your site | Tina,"Open-source visual editing experience, backed by git.",https://tina.io/,Cool Software,,2023-01-10T22:50:32.379Z,https://tinacms.org/img/tina-twitter-share.png,
Cortex | Help Engineering Teams Drive Microservices Best Practices,Cortex makes it easy for engineering organizations to gain visibility into their services and deliver high quality software.,https://www.cortex.io/?rdt_cid=4000632619686252548,Cool Software,,2023-01-09T03:48:49.866Z,https://assets.website-files.com/5f81b56bfacc3a0b84550bbd/6037173c27d3ffa77035c89e_OGP.jpg,
Stellar - an open network for money,"Stellar makes it easy to create, send, and trade digital representations of all forms of money‚Äîdollars, pesos, bitcoin, pretty much anything.",https://stellar.org/,Cool Software,,2023-01-01T15:31:18.602Z,https://assets-global.website-files.com/5deac75ecad2173c2ccccbc7/5e31f51ae7c7eceb8ad395fd_OG%20Default-min.jpg,
Rewriting your emails with AI to be professional,"Make sure your emails are professional and suitable for the workplace.  Write your draft with all your slang and expletives, and our AI bot will rewrite and clean up the text.  Professional emails in seconds.",https://politepost.net/,Cool Software,,2023-01-01T15:06:18.063Z,https://politepost.net/webpreview.png,
"Saleor ‚Äì A headless, GraphQL-first, open-source e-commerce platform","A headless, GraphQL-first e-commerce platform delivering ultra-fast, dynamic, personalized shopping experiences. Find out why developers love it.",https://saleor.io/,Cool Software,"ecommerce, headless",2022-12-24T17:47:33.459Z,https://saleor.io/static/og-home-bc8a48d35b829fdf8cc85002983994c0.png,
Backstage Software Catalog and Developer Platform ¬∑ An open platform for building developer portals,An open platform for building developer portals,https://backstage.io/,Cool Software,,2022-12-20T12:34:22.206Z,https://backstage.io/img/sharing-opengraph.png,
Technology Radar | An opinionated guide to technology frontiers | Thoughtworks,The Technology Radar is an opinionated guide to technology frontiers. Read the latest here.,https://www.thoughtworks.com/en-us/radar,Cool Software,,2022-12-20T12:08:42.015Z,https://www.thoughtworks.com/content/dam/thoughtworks/images/photography/meta/insights/radar/tr_27_meta_image.jpg,
The Next Generation GraphQL Content Platform,Hygraph is the next generation GraphQL-Native Federated Content Platform. Integrate all your services with our unique content federation approach and distribute content from anywhere - to anywhere.,https://hygraph.com/,Cool Software,,2022-12-17T11:53:45.764Z,https://media.graphassets.com/LjKKW6RwShAwtS0TEoFA,
Protocol: A beautiful starting point for your next API documentation site - Tailwind CSS,"It's been months in the making but I'm excited to finally release our next website template ‚Äî Protocol, a beautiful starter kit for building amazing API reference websites.",https://tailwindcss.com/blog/2022-12-15-protocol-api-documentation-template,Cool Software,,2022-12-16T22:55:41.229Z,https://tailwindcss.com/api/og?path=/blog/2022-12-15-protocol-api-documentation-template,
Serverless Land,Your resource for learning serverless technology.,https://serverlessland.com/,Cool Software,,2022-12-14T12:32:59.468Z,https://serverlessland.s3.amazonaws.com/slandHero.png,
Pusher | Leader In Realtime Technologies,"Simple, scalable and reliable. Hosted realtime APIs loved by developers and trusted by giants. Build live dashboards, notifications, geotracking, chat and more.",https://pusher.com/,Cool Software,,2022-12-14T12:30:06.820Z,https://images.prismic.io/pusher-website/8f1b29e4-fbb8-45ee-bab8-81d40fe12bbd_Pusher.png?ixlib=gatsbyFP&q=95&auto=compress%2Cformat,
Cloud Storage for Offsite Backup,,https://www.rsync.net/index.html,Cool Software,,2022-12-14T11:45:06.749Z,,
Build APIs in 5 minutes not weeks with GraphJin the automagical GraphQL to SQL compiler.,,https://graphjin.com/,Cool Software,,2022-12-11T01:18:34.321Z,https://user-images.githubusercontent.com/832235/108806955-1c363180-7571-11eb-8bfa-488ece2e51ae.png,
Code Language Converter - Convert code to other languages using AI,Code Language Converter online uses artificial intelligence to quickly convert your code snippets from one programing language to another in a matter of seconds.,https://codelanguageconverter.com/,Cool Software,,2022-12-11T01:13:57.017Z,,
Unpoly: Unobtrusive JavaScript framework,,https://unpoly.com/,Cool Software,,2022-12-11T00:24:25.827Z,,
(1374) Marten - Event Storage on PostgreSQL | .NET C# - YouTube,"Enjoy the videos and music you love, upload original content, and share it all with friends, family, and the world on YouTube.",https://www.youtube.com/watch?v=z0DLQ6MDH5A&ab_channel=RawCoding,Cool Software,"martendb, event sourcing",2022-12-10T12:16:43.806Z,https://www.youtube.com/img/desktop/yt_1200.png,
Wolverine | Next Generation .NET Command and Message Bus,Next Generation Command and Message Bus for .NET,https://wolverine.netlify.app/,Cool Software,,2022-12-10T12:13:59.690Z,https://wolverine.netlify.app/logo.png,
ReadMe,Make your APIs easy to use and your developers successful.,https://readme.com/,Cool Software,,2022-12-10T02:09:33.272Z,https://readme.com/static/og_images/index.png,
Serverless patterns | Serverless Land,Your resource for learning serverless technology.,https://serverlessland.com/patterns,Cool Software,,2022-12-10T02:03:15.309Z,https://serverlessland.s3.amazonaws.com/slandHero.png,
An Interactive Guide to Flexbox in CSS,"When we truly learn the secrets of the Flexbox layout mode, we can build absolutely incredible things. Fluid layouts that stretch and shrink without arbitrary breakpoints. In this action-packed interactive tutorial, we'll pop the hood on the Flexbox algorithm and learn how to do remarkable things with it. ‚ú®",https://www.joshwcomeau.com/css/interactive-guide-to-flexbox/,Cool Software,,2022-11-28T00:25:29.452Z,https://www.joshwcomeau.com/images/interactive-guide-to-flexbox/clippy.png,
Typesense,"Lightning-fast, open source search engine for everyone",https://typesense.org/,Cool Software,,2022-11-27T16:54:05.873Z,https://typesense.org/images/opengraph_banner.png,
Build contextual editing into your site,"Open-source visual editing experience, backed by git.",https://tina.io/?utm_source=forestry&utm_medium=banner&utm_campaign=forestryio-banner&utm_id=1,Cool Software,,2022-11-19T02:16:06.728Z,https://tinacms.org/img/tina-twitter-share.png,
Open Source ‚Äì The Guild,"Open Source developers with experience of working with the largest companies and applications. GraphQL consulting, workshops and trainings.",https://the-guild.dev/,Cool Software,,2022-11-05T13:42:21.824Z,https://the-guild.dev/img/ogimage.png,
Debezium,"Debezium is an open source distributed platform for change data capture. Start it up, point it at your databases, and your apps can start responding to all of the inserts, updates, and deletes that other apps commit to your databases. Debezium is durable and fast, so your apps can respond quickly and never miss an event, even when things go wrong.",https://debezium.io/,Cool Software,,2022-11-03T11:42:25.879Z,https://debezium.io/assets/images/color_white_debezium_type_600px.svg,
NextDNS,The new firewall for the modern Internet,https://nextdns.io/,Cool Software,,2022-11-03T11:38:16.609Z,https://nextdns.io/static/og-image.jpg,
"QuestDB | Time series data, faster",QuestDB is an open source database designed to make time-series lightning fast and easy. It exposes a high performance REST API and is Postgres compatible.,https://questdb.io/,Cool Software,,2022-10-27T15:19:45.685Z,https://questdb.io/img/og.gif,
tRPC - Move Fast and Break Nothing. End-to-end typesafe APIs made easy. | tRPC,"End-to-end typesafe APIs made easy. Automatic typesafety & autocompletion inferred from your API-paths, their input data, & outputs üßô‚Äç‚ôÇÔ∏è",https://trpc.io/,Cool Software,,2022-10-27T15:15:34.402Z,https://assets.trpc.io/www/trpc-open-graph.png,
Boston GIS: Geographic Information Systems Web Mapping OpenGIS and open source Solutions,Boston GIS a testbed for GIS mapping services focusing on Boston Massachusetts,https://www.bostongis.com/,Cool Software,geo,2022-10-27T15:14:09.878Z,https://www.bostongis.com/images/pgrouting_practical.jpg,
Homepage - OSGeo,"Sorry, but you do not have permission to view this content.",https://www.osgeo.org/,Cool Software,geo,2022-10-27T15:13:23.555Z,https://www.osgeo.org/wp-content/themes/roots/assets/img/osgeo-placeholder.png,
Prisma | Next-generation ORM for Node.js & TypeScript,"Prisma is a next-generation Node.js and TypeScript ORM for PostgreSQL, MySQL, SQL Server, SQLite, MongoDB, and CockroachDB. It provides type-safety, automated migrations, and an intuitive data model.",https://www.prisma.io/,Cool Software,,2022-10-27T14:59:51.024Z,https://www.prisma.io/og-images/og-image-prisma-index.png,
Torchlight - the API for Syntax Highlighting,,https://torchlight.dev/?ref=aaronfrancis.com,Cool Software,,2022-10-27T14:49:52.796Z,,
A new way to read & write Markdown,"Typora is a cross-platform minimal markdown editor, providing seamless experience for both markdown readers and writers.",https://typora.io/,Cool Software,,2022-10-22T14:44:50.771Z,http://typora.io/img/twitter-sum.png,
SolidJS,Solid is a purely reactive library. It was designed from the ground up with a reactive core. It's influenced by reactive principles developed by previous libraries.,https://www.solidjs.com/,Cool Software,,2022-10-20T13:32:26.404Z,https://www.solidjs.com/og.jpg,
Free Online Appointment Scheduling Software | Calendly,"Calendly is the modern scheduling platform that makes ‚Äúfinding time‚Äù a breeze. When connecting is easy, your teams can get more done.",https://calendly.com/,Cool Software,,2022-10-20T13:26:46.994Z,https://images.ctfassets.net/k0lk9kiuza3o/6GX3BEB2StTLRWYuFW9UBj/23d815c203c7f9dbd25a024ce1842ee8/Homepage.png?w=1200&h=627&q=80&fm=png,
Markdown Tables generator - TablesGenerator.com,Easily create tables in extended Markdown format supported by Markdown Here and GFM.,https://www.tablesgenerator.com/markdown_tables#,Cool Software,,2022-10-20T12:53:08.412Z,,
Hangfire ‚Äì Background Jobs for .NET and .NET Core,"An easy way to perform fire-and-forget, delayed and recurring tasks in ASP.NET applications. No Windows Service required, backed by persistent storage.",https://www.hangfire.io/,Cool Software,dotnet,2022-10-20T11:39:23.215Z,https://www.hangfire.io/img/twitter-crd.png,
Custom Forms with No Server Code | Formspree,"Formspree is a form backend, API, and email service for HTML & JavaScript forms. It‚Äôs the simplest way to embed custom contact us forms, order forms, or email capture forms on your static website.",https://formspree.io/,Cool Software,,2022-10-18T14:36:22.162Z,https://formspree.io/img/formspree-og.jpg,
Privacy-focused website analytics without compromise,"Privacy-focused website analytics from a sustainable company. A GDPR compliant, Google Analytics alternative.",https://usefathom.com/,Cool Software,,2022-10-08T03:59:59.005Z,https://usefathom.com/assets/images/social-share-default.png,
Inngest - You Send Events. We Run Your Code.,"Quickly build, test and deploy code that runs in response to events or on a schedule ‚Äî without spending any time on infrastructure.",https://www.inngest.com/?ref=nav,Cool Software,,2022-10-08T03:48:16.532Z,https://www.inngest.com/assets/img/og-image-default.jpg,
Reform - Hosted forms. No code required.,"Use Reform to build clean, brandable forms for your users. Hosted, customizable & no code required.",https://www.reform.app/,Cool Software,,2022-10-08T01:30:31.726Z,https://res.cloudinary.com/reform-app/image/upload/v1643018655/website/social-cards/reform-social-card_zdw6dk.png,
Welcome to the QGIS project!,,https://qgis.org/en/site/,Cool Software,,2022-10-07T17:21:07.368Z,https://qgis.org/en/_static/images/qgisorg_banner326.png?t=jun2022,
"refine | Build your React-based CRUD applications, without constraints! | refine","Refine offers lots of out-of-the box functionality for rapid development, without compromising extreme customizability. It ships with Ant Design System, an enterprise-level UI toolkit.",https://refine.dev/,Cool Software,,2022-09-25T08:45:46.288Z,https://refine.dev/img/refine_social.png,
The #1 Chat Messaging + Activity Feed Infrastructure,"Build scalable in-app chat or activity feeds in days. Product teams trust Stream to launch faster, iterate more often, and ship a better user experience.",https://getstream.io/,Cool Software,,2022-09-20T01:15:39.307Z,https://getstream.io/images/og/OG_Home.png,
Unleash Your Hardware,"Unraid OS allows sophisticated media aficionados, gamers, and other intensive data-users to have ultimate control over their data, media, applications, and desktops, using just about any combination of hardware.",https://unraid.net/,Cool Software,,2022-09-07T11:15:26.671Z,https://craftassets.unraid.net/uploads/_1200x630_crop_center-center_82_none/seo-unraid.png?mtime=1535402747,
Site Search & Discovery powered by AI,Create AI-powered search & discovery across websites & apps.,https://www.algolia.com/,Cool Software,,2022-09-07T11:15:11.391Z,https://res.cloudinary.com/hilnmyskv/image/upload/v1527077656/Algolia_OG_image_m3xgjb.png,
The Serverless API Developer Platform,"The Next Generation API Developer Platform. Connect any number of APIs and merge them into a single unified API. Built-in Security, Authentication, Authorization and Caching.",https://wundergraph.com/,Cool Software,,2022-09-05T11:44:10.055Z,https://wundergraph.com/images/wundergraph.png,
Alpine.js,"A rugged, minimal framework for composing behavior directly in your markup.",https://alpinejs.dev/,Cool Software,jquery,2022-08-21T10:48:52.820Z,https://alpinejs.dev/social.jpg,
Vite,Next Generation Frontend Tooling,https://vitejs.dev/,Cool Software,,2022-08-20T13:23:07.314Z,https://vitejs.dev/og-image.png,
Strapi - Open source Node.js Headless CMS üöÄ,"Strapi is the next-gen headless CMS, open-source, javascript, enabling content-rich experiences to be created, managed and exposed to any digital device.",https://strapi.io/,Cool Software,cms,2022-08-14T11:16:10.173Z,https://assets.strapi.io/uploads/HP_meta_b32f546a40.png,
Marked Documentation,,https://marked.js.org/#installation,Cool Software,markdown,2022-08-13T12:32:28.056Z,,
reSolve | reSolve,"Full stack CQRS, DDD, Event Sourcing framework for Node.js",https://reimagined.github.io/resolve/,Cool Software,,2022-08-13T11:44:56.212Z,https://reimagined.github.io/resolve/img/reSolve400x400-fill.png,
the native web | Framework,wolkenkit is an open-source CQRS and event-sourcing framework based on Node.js that empowers you to build and run scalable distributed web and cloud services.,https://www.thenativeweb.io/wolkenkit/framework,Cool Software,,2022-08-13T11:44:42.111Z,https://www.thenativeweb.io/images/twitter-cards/wolkenkit/framework.png,
Eventuous: Event Sourcing for .NET,"Eventuous is a production-grade, reliable, and scalable Event Sourcing library for .NET and .NET Core.",https://eventuous.dev/,Cool Software,event sourcing,2022-07-23T08:13:11.703Z,https://eventuous.dev/featured-background.jpg,
Miniflux - Minimalist and Opinionated Feed Reader,Miniflux is a minimalist and opinionated feed reader,https://miniflux.app/,Cool Software,"RSS, self-hosted",2022-07-17T14:42:56.958Z,https://miniflux.app/images/overview.png,
"Image & Video CDN | Dynamic Optimizations, Transformations & DAM | ImageKit.io",Real-time image and video optimizations & transformations with integrated digital asset management & a fast CDN for delivering better media experiences.,https://imagekit.io/,Cool Software,,2022-07-17T13:55:41.906Z,https://ik.imagekit.io/ikmedia/New_website_graphics/OG_images/Homepage_OG-01_s6buZD2aM.jpg?ik-sdk-version=javascript-1.4.3&updatedAt=1654063034293,
Cadence,,https://cadenceworkflow.io/,Cool Software,"workflow, uber",2022-07-15T11:44:57.163Z,,
HTMLhouse,Publish HTML with CSShorse.,https://css.horse/write.as/lkat,Cool Software,,2022-07-15T11:41:29.540Z,,
imgproxy/imgproxy: Fast and secure standalone server for resizing and converting remote images,Fast and secure standalone server for resizing and converting remote images - imgproxy/imgproxy: Fast and secure standalone server for resizing and converting remote images,https://github.com/imgproxy/imgproxy,Cool Software,,2022-07-13T19:58:30.589Z,https://opengraph.githubassets.com/c0b30fe3e18329bef13de8350e4a24ce4fd6ae0a4e89e6e6514ab06cae44c10f/imgproxy/imgproxy,
"system-ui/theme-ui: Build consistent, themeable React apps based on constraint-based design principles","Build consistent, themeable React apps based on constraint-based design principles - system-ui/theme-ui: Build consistent, themeable React apps based on constraint-based design principles",https://github.com/system-ui/theme-ui,Cool Software,,2022-07-13T19:57:20.873Z,https://repository-images.githubusercontent.com/179377705/11219f00-b902-11e9-8365-1d574068702e,
 ï‚Ä¢·¥•‚Ä¢ î Bear Blog,"Free, no-nonsense, super-fast blogging.",https://bearblog.dev/,Cool Software,,2022-07-13T19:42:33.233Z,https://i.imgur.com/b499n4R.png,
Load testing for engineering teams | Grafana k6,k6 is an open-source tool and cloud service that makes load testing easy for developers and QA engineers.,https://k6.io/,Cool Software,,2022-06-25T10:51:33.226Z,https://k6.io/images/k6-cover-image.png,
Lens | The Kubernetes IDE,Lens IDE for Kubernetes. The only system you‚Äôll ever need to take control of your Kubernetes clusters. It's open source and free. Download it today!,https://k8slens.dev/,Cool Software,Kubernetes,2022-06-15T00:27:07.776Z,https://k8slens.dev/images/lens-og.png,
Advanced Event Broker. An event mesh for connected enterprises | Solace,"Solace PubSub+ is the only unified advanced event broker that enables an event mesh and supports pub/sub, queuing, request/reply, replay and streaming using open APIs and protocols.",https://solace.com/,Cool Software,,2022-06-01T18:08:55.212Z,https://cdn.solace.com/wp-content/uploads/2019/04/solace-horizontal-sharing-template.png,
"timlrx/tailwind-nextjs-starter-blog: This is a Next.js, Tailwind CSS blogging starter template. Comes out of the box configured with the latest technologies to make technical writing a breeze. Easily configurable and customizable. Perfect as a replacement to existing Jekyll and Hugo individual blogs.","This is a Next.js, Tailwind CSS blogging starter template. Comes out of the box configured with the latest technologies to make technical writing a breeze. Easily configurable and customizable. Per...",https://github.com/timlrx/tailwind-nextjs-starter-blog,Cool Software,,2022-05-27T14:42:18.358Z,https://repository-images.githubusercontent.com/328121260/c1c74100-5b7e-11eb-8185-2b9492767ed6,
Payload CMS | Node & React TypeScript Headless CMS,"Headless CMS and application framework built with TypeScript, Node.js, React and MongoDB",https://payloadcms.com/,Cool Software,,2022-05-25T15:45:55.166Z,https://payloadcms.com/images/og-image.jpg,
Free Bootstrap Admin Template - AdminLTE.IO,,https://adminlte.io/,Cool Software,,2022-05-09T16:59:39.296Z,"https://adminlte.io/cdn-cgi/image/quality=80,format=auto,onerror=redirect,metadata=none/wp-content/uploads/2021/04/hero-pic.png",
Jsonnet - The Data Templating Language,A powerful DSL for elegant description of JSON data.,https://jsonnet.org/,Cool Software,,2022-05-09T15:50:38.387Z,,
uniforms,A React library for building forms from any schema,https://uniforms.tools/,Cool Software,,2022-05-07T16:38:58.883Z,https://uniforms.tools/assets/companies/graphback.png,
WriteFreely,"Minimalist, federated, self-hosted blogging platform.",https://writefreely.org/,Cool Software,,2022-04-28T19:01:23.746Z,https://files.writefreely.org/img/screens/pencil-reader.png,
JoinPeerTube,"PeerTube is a decentralized video hosting network, based on free/libre software. Join the federation and take back control of your videos!",https://joinpeertube.org/,Cool Software,,2022-04-28T17:48:34.826Z,https://joinpeertube.org/img/card-opengraph.jpg,
mishudark/eventhus: Go - CQRS / Event Sourcing made easy - Go,Go - CQRS / Event Sourcing made easy - Go. Contribute to mishudark/eventhus development by creating an account on GitHub.,https://github.com/mishudark/eventhus,Cool Software,,2022-04-28T12:23:34.170Z,https://opengraph.githubassets.com/eb4e400e584ba79f8b72d63b510eaed72fec1ed31cedd816fb88b4a2d0616ed3/mishudark/eventhus,
"Discover the IndieWeb, one blog post at a time.",A website to randomly explore the IndieWeb. Simply click a button and you will be redirected to a random post from a personal blog.,https://indieblog.page/,Cool Software,,2022-04-16T12:01:29.278Z,https://indieblog.page/ograph.jpg,
Kinopio,Kinopio is your spatial thinking tool for new ideas and hard problems.,https://kinopio.club/,Cool Software,,2022-04-16T11:56:00.966Z,https://kinopio-updates.us-east-1.linodeobjects.com/delica-van-small.jpg,
Artifact Hub,"Find, install and publish Kubernetes package",https://artifacthub.io/,Cool Software,Kubernetes,2022-04-03T13:29:43.579Z,https://artifacthub.io/static/media/artifactHub_v2.png,
Charm,We build tools to make the command line glamorous,https://charm.sh/,Cool Software,,2022-03-11T18:35:29.323Z,https://stuff.charm.sh/charm-share.jpg,
Webhooks as a Service ¬∑ Svix,"Svix is the enterprise ready webhooks service. Build a state of the art webhooks solution in minutes, and start sending webhooks with the Svix service or the Svix open source project.",https://www.svix.com/?ref=stackshare,Cool Software,,2022-02-24T21:44:22.034Z,https://www.svix.com/_next/static/images/social-banner-f4f68b0d341755df909d60e69924fc97.png,
Pricing and Plans | Fauna,Start for free or pick a metered plan with monthly commits and metered overages. Browse pricing and plans.,https://fauna.com/pricing,Cool Software,,2022-02-16T13:20:40.994Z,https://images.ctfassets.net/po4qc9xpmpuh/3LKPgAL1A9JEZuoxehHw3n/ae77470349d852a5e5d8240e5aa21045/fauna-twitter-card.png,
Complete platform for Event Sourcing & CQRS | Serialized,A complete platform for building event-driven systems based on Event Sourcing and CQRS. Build event-driven systems without managing databases or complex infrastructure components.,https://serialized.io/,Cool Software,,2022-01-10T18:31:47.236Z,,
"GitHub - dotnet/tye: Tye is a tool that makes developing, testing, and deploying microservices and distributed applications easier. Project Tye includes a local orchestrator to make developing microservices easier and the ability to deploy microservices to Kubernetes with minimal configuration.","Tye is a tool that makes developing, testing, and deploying microservices and distributed applications easier. Project Tye includes a local orchestrator to make developing microservices easier and ...",https://github.com/dotnet/tye,Cool Software,,2022-01-08T13:31:52.264Z,https://opengraph.githubassets.com/e64e6bd10cddcdeadbfa5548fc05c55a4631069c447545b948e311a561649d99/dotnet/tye,
Marten as Event Store | Marten,.NET Transactional Document DB and Event Store on PostgreSQL,https://martendb.io/,Cool Software,,2022-01-05T23:56:42.104Z,https://martendb.io/logo.png,
Musclewiki,Simplify your workout.,https://musclewiki.com/,Cool Software,,2022-01-03T17:33:26.292Z,https://musclewiki.com/static/images/favicon.jpg,
"asciinema - Record and share your terminal sessions, the right way",,https://asciinema.org/,Cool Software,,2022-01-01T15:51:09.796Z,,
Tailblocks ‚Äî Ready-to-use Tailwind CSS blocks,Ready-to-use Tailwind CSS blocks,https://tailblocks.cc/,Cool Software,,2021-10-30T14:26:08.496Z,,
Flexible automation for bare metal,"Designed for scalable provisioning of physical hardware, Tinkerbell is both open-source and cloud native. Contributed by Equinix Metal.",https://tinkerbell.org/,Cool Software,,2021-10-09T13:03:08.468Z,https://tinkerbell.org/images/social/tinkerbell-social-image.png,
Unleash/unleash: Unleash is the open source feature toggle service.,Unleash is the open source feature toggle service. - Unleash/unleash: Unleash is the open source feature toggle service.,https://github.com/Unleash/unleash,Cool Software,,2021-09-23T02:12:32.788Z,https://repository-images.githubusercontent.com/24594933/0ee96080-d406-11eb-856d-7df51ff2efbb,
"AG Grid: High-Performance React Grid, Angular Grid, JavaScript Grid","AG Grid is a feature rich datagrid designed for the major JavaScript Frameworks. Version 25 is out now. Easily integrate into your application to deliver filtering, grouping, aggregation, pivoting and much more with the performance that your users expect. Our Community version is free and open source, or take a 2 month trial of AG Grid Enterprise.",https://www.ag-grid.com/,Cool Software,,2021-09-22T16:36:01.710Z,,
"Wormhole - Simple, private file sharing",Wormhole lets you share files with end-to-end encryption and a link that automatically expires.,https://wormhole.app/,Cool Software,"file-sharing, easy",2021-09-15T12:33:50.777Z,https://wormhole.app/images/social-share-home.jpg,
"Graphile | Powerful, Extensible and Performant GraphQL APIs Rapidly","Utilities to build powerful, performant and extensible GraphQL APIs rapidly",https://www.graphile.org/,Cool Software,,2021-09-13T15:12:20.709Z,https://www.graphile.org/static/postgres_postgraphile_graphql-4b238552d875fe06196ba3bda74c6d2b.png,
Openbase: choose the right package every time,"Find and compare millions of open-source packages with user reviews,categories, and powerful insights into packages' popularity, maintenance,and more",https://openbase.com/,Cool Software,,2021-09-12T15:47:03.816Z,https://openbase.com/jpgs/meta-image.jpg,
@flowaccount/nx-serverless,Serverless schematics for nx workspace,https://www.npmjs.com/package/@flowaccount/nx-serverless,Cool Software,,2021-09-08T18:07:38.364Z,https://static.npmjs.com/338e4905a2684ca96e08c7780fc68412.png,
An Auto-generated Admin Panel for your Node.js Application,"You, as a developer, provide database models, and AdminBro generates ReactJS UI which allows you (or other trusted users) to manage content.",https://adminbro.com/,Cool Software,,2021-09-08T15:28:26.519Z,https://adminbro.com/splash/admin-bro.png,
Plasmic - The headless page builder for your codebase,"Plasmic is a visual, no-code page builder and CMS for any website or codebase. Use your existing code components. Empower the whole team to ship incredibly fast.",https://www.plasmic.app/,Cool Software,,2021-09-08T15:28:17.249Z,https://site-assets.plasmic.app/d55f7316cdb73e3ea268c620a1c7be05.png,
"Nx: Smart, Extensible Build Framework","Nx is a smart and extensible build framework to help you architect, test, and build at any scale ‚Äî integrating seamlessly with modern technologies and frameworks while providing a distributed graph-based task execution, computation caching, smart rebuilds of affected projects, powerful code generators, editor support, GitHub apps, and more.",https://nx.dev/,Cool Software,JavaScript,2021-09-07T12:05:11.214Z,https://nx.dev/images/nx-media.jpg,
"Telemetry Extractor & Overlay for GoPro, DJI, Insta360 & more","Extract, interpret, visualize and convert telemetry from GoPro, DJI, Insta360 & more videos. Create amazing data visualizations, gauges and dashboards with professional workflows",https://goprotelemetryextractor.com/tools-for-go-pro#checkout,GoPro,,2022-02-16T13:25:09.038Z,https://goprotelemetryextractor.com/toicon_margin_white.png,
gopro/gpmf-parser: Parser for GPMF‚Ñ¢ formatted telemetry data used within GoPro¬Æ cameras.,Parser for GPMF‚Ñ¢ formatted telemetry data used within GoPro¬Æ cameras. - gopro/gpmf-parser: Parser for GPMF‚Ñ¢ formatted telemetry data used within GoPro¬Æ cameras.,https://github.com/gopro/gpmf-parser,GoPro,,2022-02-16T13:24:56.604Z,https://opengraph.githubassets.com/7cef81b3c667ecb61bd9222b4e4d02accb87c037dbda647e4b094d65ec09b4d9/gopro/gpmf-parser,
stilldavid/gopro-utils: Tools to parse metadata from GoPro Hero 5 & 6 cameras,Tools to parse metadata from GoPro Hero 5 & 6 cameras - stilldavid/gopro-utils: Tools to parse metadata from GoPro Hero 5 & 6 cameras,https://github.com/stilldavid/gopro-utils,GoPro,,2022-02-16T13:24:39.289Z,https://opengraph.githubassets.com/a111bcf441b3ec7cd4a1ae4f374e2a6551b3790493f3f92e547921ee90458546/stilldavid/gopro-utils,
RaceRender by HP Tuners | Video+Data Products,Amaze Your Fans with High-Tech Video and Data Visualizations!,https://racerender.com/Products/index.html,GoPro,,2022-02-16T13:24:29.193Z,https://racerender.com/Products/img/SlideRR.jpg,
Forest Woodward | the important places | 1,Processed with VSCOcam with f2 preset,https://forestwoodward.com/STORIES/the-important-places/1/thumbs,Inspiration,,2022-03-12T14:44:59.897Z,https://0c61dd51fc019b0bd59a-35a6bf612fdb74115b5be7bbe5081421.ssl.cf1.rackcdn.com/IMG_3748.jpg,
Home,,https://www.discgolfsportscenter.com/,Disc Golf,,2022-05-31T14:46:52.781Z,https://nebula.wsimg.com/e24cb015f6785f1f9743d8489332fc19?AccessKeyId=ED6ACC65972D3FCF189A&disposition=0&alloworigin=1,
Flight Guide ‚Ä¢ Marshall Street Disc Golf,We weigh every disc.,https://www.marshallstreetdiscgolf.com/flightguide#Innova,Disc Golf,,2022-05-13T12:10:06.792Z,https://www.marshallstreetdiscgolf.com/wp-content/uploads/2017/10/logo-fb.png,
"Barboursville WV Virtual Tag League ‚Äì Permanent tags, virtual ranks.","Permanent tags, virtual ranks.",https://barboursvillewestvirginiadiscgolftagleague.wordpress.com/#top,Disc Golf,,2022-03-11T18:57:26.341Z,https://barboursvillewestvirginiadiscgolftagleague.files.wordpress.com/2022/03/march-22.png?w=640,
"Disc Golf Discs for Sale ‚Äì Reviews, Ratings, #1 Disc Golf Retailer","Largest selection of disc golf discs for sale. Reviews, ratings, and pictures of 50,000 discs. Low prices and same day shipping from the #1 disc golf store.",https://infinitediscs.com/,Disc Golf,,2022-01-08T17:31:28.876Z,https://infinitediscs.com/Banner/94f94d27-db4e-45c5-8a31-835e42955811Dblendtomb.png,
Using Flatpak ‚Äî Flatpak documentation,,https://docs.flatpak.org/en/latest/using-flatpak.html#running-applications,Linux,,2021-10-17T17:30:59.139Z,,
Privacy ‚Äî Seamless & Secure Online Card Payments,"Checkout securely online by creating unique virtual card numbers for every purchase. Avoid data breaches, unwanted charges, and stolen credit card numbers.",https://privacy.com/,Financial,,2021-10-05T12:07:47.956Z,https://privacy.com/assets/images/front/preview/twitter.png,
Route Climbing Training Program - TrainingBeta,"Easy-to-use training route climbing training program. Climbing drills, finger strength, power endurance, core, shoulder stability, etc.",https://www.trainingbeta.com/route-climbing-training-program/,Climbing,,2021-10-15T00:06:50.581Z,https://www.trainingbeta.com/wp-content/uploads/2016/04/blue-logo-432x178-e1472838201494.png,
Download Book,"Climb Injury-Free  
 
  
The Book 

Has injury prevented you from climbing harder? Whether you‚Äôre a professional athlete or a novice climber, ‚ÄúClimb Injury-Free‚Äù is the guide that will teach you how to climb stronger and pain-free. The book features the ‚ÄúRock Rehab Pyramid.‚Äù A step-by-step rehabilitation and injury prevention system designed specifically",https://theclimbingdoctor.com/,Climbing,,2021-10-06T19:54:03.673Z,https://theclimbingdoctor.com/wp-content/uploads/2016/07/full-res-logo-3.jpg,
NEW RIVER ALLIANCE OF CLIMBERS,A grassroots rock climbing advocacy and anchor-replacement organization in and around WV's New River Gorge.,https://www.newriverclimbing.net/,Climbing,,2021-09-24T18:39:01.072Z,https://www.newriverclimbing.net/uploads/1/0/9/8/109883188/meadow-9-copy.jpg,
Dgraph Home,"The GraphQL Cloud Platform Build it right, the first time. GraphQL . Javascript . Distributed Graph Engine Click to Get Started Why use Dgraph? Dgraph is the simplest way to implement a GraphQL backend for your applications. Everything you need to build apps, unite your data, and scale your operations is included, out-of-the-box. Single schema‚Ä¶",https://dgraph.io/,GraphQL,,2022-03-15T12:28:15.171Z,https://dgraph.io/wp-content/uploads/2021/09/dgraph-featuredimg-home.jpg,
GraphQL and MySQL: Solving the Join Problem,"A tricky, but rewarding endeavor",https://blog.smartive.ch/graphql-and-mysql-solving-the-join-problem-191f40b55961,GraphQL,,2021-09-23T02:09:28.166Z,https://miro.medium.com/max/688/1*FE6728Hv5DPzBtXVS7mKkw.png,
The Open Source Firebase Alternative | Supabase,The Open Source Alternative to Firebase.,https://supabase.com/,DB,,2022-04-29T01:24:43.732Z,https://supabase.com/images/og/og-image.jpg,
bit.io,,https://bit.io/,DB,,2022-03-12T15:50:35.970Z,https://bit.io/static/www/img/repo_screenshot.webp,
PlanetScale,The database for developers,https://planetscale.com/,DB,,2021-12-24T02:57:38.224Z,https://planetscale.com/social-share.png,
Plate5,,https://www.nps.gov/parkhistory/online_books/romo/toll/images/plate5.jpg,Maps,,2022-01-10T03:09:51.120Z,,
rocky mountains map - Google Search,,https://www.google.com/search?q=rocky+mountains+map&tbm=isch&ved=2ahUKEwi_5vr-lKb1AhWWcqwKHdm_BNsQ2-cCegQIABAC&oq=rocky+mountains+map&gs_lcp=ChJtb2JpbGUtZ3dzLXdpei1pbWcQARgAMgcIIxDvAxAnMgUIABCABDIFCAAQgAQyBQgAEIAEMgUIABCABFAAWABgrQtoAHAAeACAAV6IAV6SAQExmAEAwAEB&sclient=mobile-gws-wiz-img&ei=fZ3bYf-zKJblsQXZ_5LYDQ&bih=1247&biw=1024&prmd=imnxv&rlz=1C9BKJA_enUS895US899&hl=en-US#imgrc=yhEG-ozcAipDHM,Maps,,2022-01-10T03:01:10.685Z,,
United States of America: Old Antique Region and Overview Maps Prints and Pictures. Map gifts. The 1900 Collection,"Order online and buy here vintage maps of United States of America and parts of United States of America for sale. Fine restored reproductions of historical country and locality maps, vintage road maps. GPS-enabled navigable old maps. Royalty-free stock map picture image bank",https://www.discusmedia.com/maps/usa_region_maps/?SECTION_CODE=usa_region_maps&bx=&bx%3FSECTION_CODE=usa_region_maps&PAGEN_1=1,Maps,,2022-01-10T02:54:37.600Z,https://www.discusmedia.com/bitrix/tpl/img/logo.png,
Mastodon,Mastodon is an open source decentralized social network - by the people for the people. Join the federation and take back control of your social media!,https://joinmastodon.org/,Writing,,2022-04-28T23:23:29.151Z,https://joinmastodon.org/preview.jpg,
Micro.blog,,https://micro.blog/,Writing,,2022-04-28T23:12:49.949Z,https://micro.blog/images/screenshots/mac_discover.png,
Snap.as,Snap.as lets you instantly upload and share photos.,https://snap.as/,Writing,,2022-04-28T17:45:21.734Z,https://cdn.snapas.net/img/doors-gallery.jpg,
"Keychron | Wireless Mechanical Keyboards for Mac, Windows and Phones","Keychron design and produces unique wireless Mechanical Keyboard for Mac, Windows, iPhone and Android.",https://www.keychron.com/,Keyboards,,2022-04-28T18:54:25.434Z,http://cdn.shopify.com/s/files/1/0059/0630/1017/files/logo3.png?v=1614482991,
Listed,"Listed allows you to create an online publication with automatic email newsletters delivered to your readers, directly from Standard Notes. It's ideal for creating a public journal, or sharing domain-specific knowledge.",https://listed.to/,Reading,,2022-04-28T23:39:39.726Z,https://s3.amazonaws.com/sn-listed/letters/v2/big/L.png,
The StoryGraph,We'll help you track your reading and choose your next book.,https://thestorygraph.com/,Reading,,2022-04-28T18:56:32.556Z,https://thestorygraph.com/assets/twitter-card-6040d2558f1ff75009f18c4924d71512b513899a70db7d6dfbbafbdf419c5ebc.jpg,
So You Want to Thru-Hike the Colorado Trail? Here's Your Backpacking Checklist | GearJunkie,"This summer I'm thru-hiking the Colorado Trail, and now's the time to get prepared. Here's a checklist of what I'm bringing and how I'm planning for any backpacker to use as a jumping-off point.",https://gearjunkie.com/outdoor/hiking/thru-hike-colorado-trail-backpacking-checklist,blog pages,,2023-04-02T13:18:20.957Z,https://s3.us-east-1.amazonaws.com/images.gearjunkie.com/uploads/2023/03/CT-along-Kenosha-Pass-Colo.jpg,
Exploring AWS Lambda Function URL using .NET Container - Part 1,"Preparation   You will need several tools, like   .NET SDK. Please download here  AWS Lambda...",https://dev.to/aws-builders/exploring-aws-lambda-function-url-using-net-container-eg8,blog pages,,2022-12-20T11:57:49.287Z,"https://res.cloudinary.com/practicaldev/image/fetch/s--rgECGhz5--/c_imagga_scale,f_auto,fl_progressive,h_500,q_auto,w_1000/https://dev-to-uploads.s3.amazonaws.com/uploads/articles/ach9rjf2oij9mfv1h62o.jpg",
"C# and AWS Lambdas, Part 3 ‚Äì Pulumi IaC for Web API and an API Gateway | no dogma blog","In this the third in a series of posts on using .NET in AWS Lambdas I build on the previous post where I connected a Http Gateway to a Lambda running a Web API application. In that post I built the infrastructure by hand, i.e. via the GUI, pointing and clicking.

In this post, I will show how to build everything with Pulumi.",https://nodogmablog.bryanhogan.net/2021/02/c-and-aws-lambdas-part-3-pulumi-iac-for-web-api-and-an-api-gateway/,blog pages,,2022-12-20T11:54:40.838Z,https://nodogmablog.bryanhogan.net/media/icon_hu9c23d68d4e9f1f9acfa8237e5c2ea674_3344_512x512_fill_lanczos_center_3.png,
fargate terraform tutorial,Here's how to use Terraform to create a Fargate ECS service in AWS from scratch.,https://section411.com/2019/07/hello-world/,blog pages,,2022-12-17T11:42:53.243Z,https://cdn.section411.com/EEfz0nnS/1536x.jpg,
Postgres Full Text Search vs the rest,Comparing one of the most popular Postgres features against alternatives,https://supabase.com/blog/postgres-full-text-search-vs-the-rest,blog pages,,2022-12-11T01:24:28.054Z,https://supabase.com/images/blog/postgres-fts-vs-the-rest/postgres-full-text-search.jpg,
Amazing CTO,Startups use too much technology. My advice: Use Postgres for everyting,https://www.amazingcto.com/postgres-for-everything/,blog pages,,2022-12-11T00:58:30.301Z,https://www.amazingcto.com/Amazing_CTO_Banner.png,
ASP.NET Core scheduling with Quartz.NET and SignalR monitoring,This article shows how scheduled tasks can be implemented in ASP.NET Core using Quartz.NET and then displays the job info in an ASP.NET Core Razor page using SignalR. A concurrent job and a non con‚Ä¶,https://damienbod.com/2021/11/08/asp-net-core-scheduling-with-quartz-net-and-signalr-monitoring/,blog pages,,2022-10-20T11:42:45.066Z,https://damienbod.files.wordpress.com/2021/11/aspnetcorequartz_signalr_01.png,
Simen Daehlin - Dehlin.dev,,https://dehlin.dev/#skills,blog pages,,2022-09-25T11:04:16.151Z,https://dehlin.dev/assets/img/about.jpg,
Hashnode,Hashnode is a free developer blogging platform that allows you to publish articles on your own domain and helps you stay connected with a global developer community.,https://hashnode.com/,blog pages,,2022-09-21T14:59:20.663Z,https://cdn.hashnode.com/res/hashnode/image/upload/v1644938661983/J7uY6EVhp.png?auto=compress,
Hi I'm Aravind üëã | Home,I build üõ† things on the Web. Loves anything about Web üï∏ & Javascript üíõ ecosystem. Mad about Web Performance üöÄ,https://aravind.netlify.app/,blog pages,,2022-09-18T11:00:32.335Z,https://res.cloudinary.com/engineeringwitharavind/image/upload/v1618472124/Screenshot_2021_04_07_at_9_39_17_AM_3872b56b0d.png,
How to Deconstruct objects in C# like we do in Javascript,"I've been using C# for about a decade now, and‚Ä¶",https://www.faesel.com/blog/deconstruct-objects-in-csharp-like-in-javascript,blog pages,,2022-05-09T16:09:05.827Z,https://images.ctfassets.net/wjg1udsw901v/4l5ONHEazPnD41lO0henyW/d4cbb6edf21c40cdb3e340faf620a270/deconstruction.jpg,
URL and website scanner - urlscan.io,urlscan.io - Website scanner for suspicious and malicious URLs,https://urlscan.io/,Security,,2022-08-21T10:55:20.138Z,,
16Shop: Commercial Phishing Kit Has A Hidden Backdoor,"Additional research by Or Katz When it comes to targeting Apple users and their personal and financial data, 16Shop has emerged as a go to kit for those who can afford it. While 16Shop is sold to criminals looking to...",https://www.akamai.com/blog/security/16shop-commercial-phishing-kit-has-a-hidden-backdoor,Security,,2022-08-21T10:54:24.774Z,https://www.akamai.com/site/en/images/blog/2021/1sitr_header_image022.png,
Overview ‚Äî Adspect documentation,,https://docs.adspect.ai/en/latest/overview.html,Security,,2022-08-21T10:52:27.849Z,,
The Big Blocklist Collection,Pi-hole compatible blocklists for you to have a more enjoyable online presence,https://firebog.net/,Security,pihole,2022-07-20T20:02:05.768Z,https://firebog.net/style/fire.svg,
Home | avoidthehack!,avoidthehack! helps you take your own online privacy and security seriously. Learn to use technology in a way that allows you to protect your information and identity online.,https://avoidthehack.com/,Security,,2022-07-20T19:14:31.514Z,https://avoidthehack.com/user/pages/home/iconlogoname.png,
picoCTF - Login,,https://play.picoctf.org/login,Security,,2022-05-25T14:56:25.329Z,,
CyberChef,"The Cyber Swiss Army Knife - a web app for encryption, encoding, compression and data analysis",https://gchq.github.io/CyberChef/,Security,,2022-05-25T14:56:16.377Z,,
Fresh Spring Rolls with Peanut Sauce,"These Vietnamese spring rolls are fresh, not fried! This veggie-packed recipe is easy to follow, with step-by-step photos. Vegan and easily gluten free.",https://cookieandkate.com/fresh-spring-rolls-recipe/,Recipes,,2022-12-27T01:32:55.210Z,https://cookieandkate.com/images/2019/08/fresh-spring-rolls-recipe-4.jpg,
Easy Chicken Tacos,"Easy Chicken Tacos - With a simple spice rub, the chicken is cooked so quickly on the stovetop! Dice into small pieces and serve with pico, avocado + lime!",https://damndelicious.net/2019/08/06/easy-chicken-tacos/,Recipes,,2022-07-17T15:49:39.916Z,https://s23209.pcdn.co/wp-content/uploads/2019/08/Easy-Chicken-TacosIMG_9890.jpg,
egoist/hack: ‚õ∑ Dead simple CSS framework.,‚õ∑ Dead simple CSS framework. Contribute to egoist/hack development by creating an account on GitHub.,https://github.com/egoist/hack,css,,2022-07-23T07:59:07.764Z,https://opengraph.githubassets.com/1e50c85d55f9065fd600407b30d6bbd8d0dfc7677a4106cc334c464f44984b59/egoist/hack,
Straightforward Event Sourcing with TypeScript and NodeJS - Event-Driven.io,Event-Driven by Oskar Dudycz,https://event-driven.io/en/type_script_node_Js_event_sourcing/,Event Sourcing,,2022-09-02T13:36:42.488Z,https://event-driven.io/static/24c37d5f1cf03b47c126c731a50d273d/5a190/2022-08-03-cover.png,
GeoNames,,http://www.geonames.org/,Outdoors,geo,2022-10-28T18:28:39.815Z,,
Redtail Overland,Introducing the world's first hard-sided roof top camper (RTC) - the carbon fiber Redtail RTC. The nimble freedom of a rooftop tent with the security and comforts of a hard-sided camper. Handcrafted in Colorado. Built-to-order.,https://www.redtailoverland.com/,Outdoors,,2022-10-21T11:32:45.722Z,https://cdn.shopify.com/s/files/1/0254/7023/8766/files/IG_Post_1_748a8030-b4f0-485b-993e-aa80d81b2b3b_600x600.jpg?v=1614311590,
The Terminal (2004) - IMDb,"The Terminal: Directed by Steven Spielberg. With Tom Hanks, Catherine Zeta-Jones, Stanley Tucci, Chi McBride. An Eastern European tourist unexpectedly finds himself stranded in JFK airport, and must take up temporary residence there.",https://www.imdb.com/title/tt0362227/,To Watch,,2023-04-13T11:11:06.956Z,https://m.media-amazon.com/images/M/MV5BYzY3YzNlZjctZTNiNC00MjUzLTlhM2ItNjdkNzAwMDhmYmRmXkEyXkFqcGdeQXVyMjgyNjk3MzE@._V1_FMjpg_UX1000_.jpg,
The World's Fastest Indian - Google Search,,https://g.co/kgs/afCtPx,To Watch,,2023-01-11T23:56:24.735Z,,
Freeride World Tour | Home,The world's best skiers and snowboarders on the world's best mountains.,https://www.freerideworldtour.com/,sports,"ski, snowboard, competition",2023-01-29T15:45:27.182Z,https://www.freerideworldtour.com/sites/default/files/styles/default_960x540_16_9/public/news_pictures/fwt/fwt23_ddaher_baqueira_0744.jpg,
Nietzsche's 66 Best Aphorisms,It can be easier to grasp Nietzsche's big ideas by studying his aphorisms -- succinct yet insightful statements -- which he intentionally penned at times.,https://www.artofmanliness.com/character/knowledge-of-men/nietzsches-66-best-aphorisms/,Quotes,,2023-01-31T12:30:03.660Z,https://content.artofmanliness.com/uploads/2020/08/niet.png,
Friedrich Nietzsche Quote: ‚ÄúI know of no better life purpose than to perish in attempting the great and the impossible.‚Äù,‚ÄúI know of no better life purpose than to perish in attempting the great and the impossible.‚Äù ‚Äî Friedrich Nietzsche quotes from Quotefancy.com,https://quotefancy.com/quote/14547/Friedrich-Nietzsche-I-know-of-no-better-life-purpose-than-to-perish-in-attempting-the,Quotes,,2023-01-31T12:29:46.224Z,https://quotefancy.com/media/wallpaper/1600x900/10308-Friedrich-Nietzsche-Quote-I-know-of-no-better-life-purpose-than-to.jpg,
A quote by Alexis Carrel,"Man cannot remake himself without suffering, for he is both the marble and the sculptor",https://www.goodreads.com/quotes/158868-man-cannot-remake-himself-without-suffering-for-he-is-both,Quotes,,2023-01-31T12:29:34.651Z,https://images.gr-assets.com/quotes/1424559768p8/158868.jpg,
(627) Pinterest,"Feb 2, 2022 - But in the end one needs more courage to live than to kill himself. | Albert Camus Quote",https://www.pinterest.com/pin/903675481452711555/,Quotes,,2023-01-31T12:29:24.681Z,https://i.pinimg.com/236x/54/53/1a/54531ad1ea8c0bdf2fa170604779ad5c.jpg,
"What is the meaning of ""make death proud to take us"" by Shakespeare?","Answer (1 of 3): 
 CLEOPATRA 
No more, but e'en a woman, and commanded
By such poor passion as the maid that milks
And does the meanest chares. It were for me
To throw my sceptre at the injurious gods;
To tell them that this world did equal theirs
Till they had stol'n our jewel. All's but naught...",https://www.quora.com/What-is-the-meaning-of-make-death-proud-to-take-us-by-Shakespeare-1,Quotes,,2023-01-31T12:29:12.746Z,https://qph.cf2.quoracdn.net/main-custom-t-1393898-600x315-cvodjcrzpezurgzqqjkflsfiplvhdiyx.jpeg,
"Four Pass Loop Hiking Trail, Snowmass Village, Colorado","An all-time journey over four 12,500' alpine passes, circumnavigating the Maroon Bells. Near Snowmass Village, Colorado.",https://www.hikingproject.com/trail/7001635/four-pass-loop,To Visit,,2023-04-08T17:54:20.075Z,https://hikingproject.com/assets/photos/hike/7007432_medium_1554322843.jpg?cache=1680917003,
"Create, view & edit bookmarks - Computer - Google Chrome Help","Let Chrome remember your favorite and frequently visited websites.
When you sync to Chrome,&nbsp;you get saved items, like bookmarks and passwords, on all your devices.",https://support.google.com/chrome/answer/188842?hl=en&co=GENIE.Platform%3DDesktop,Random,,2023-04-28T11:28:08.019Z,,
